1,aaa,1111,M,507-129-2078,ipikhno0@mashable.com
2,bbb,2222,F,426-754-7523,zwhitford1@businessinsider.com
3,ccc,3333,F,706-629-3086,sokill2@microsoft.com
4,Trey,1248,M,294-845-2474,tculp3@dot.gov
5,Frannie,3246,M,816-182-9934,fashlee4@skyrock.com
6,Saloma,1080,F,213-483-1085,scalow5@bloglines.com
7,Dagny,3992,M,181-151-3406,dgalbreath6@apache.org
8,Theodor,8582,M,986-203-9641,tclaremont7@shutterfly.com
9,Bjorn,4317,M,794-885-8816,bbrozek8@barnesandnoble.com
10,Constanta,9863,F,303-563-9411,cjacobovitch9@cargocollective.com
11,Sascha,5733,M,614-594-6584,slumbera@mlb.com
12,Lucila,8617,F,436-507-4035,lhallbordb@fda.gov
13,Elisha,4418,M,339-923-6341,eebornc@craigslist.org
14,Dall,6744,M,486-982-7601,dorrind@g.co
15,Hali,2154,F,116-266-0111,hhaileye@jimdo.com
16,Poppy,9211,F,521-436-3583,prauf@moonfruit.com
17,Bird,9851,F,235-367-1717,bjocheng@digg.com
18,Marlon,4103,M,344-664-1723,mbaldwinh@tinypic.com
19,Lem,6662,M,982-150-2558,lsieghardi@usnews.com
20,Adlai,6471,M,910-907-7263,alindsayj@springer.com
21,Robinette,8261,F,197-750-6693,rdescoffierk@epa.gov
22,Laurianne,7819,F,592-965-1831,lschuttl@furl.net
23,Rene,3873,F,617-647-9737,rcrosselandm@sun.com
24,Arty,9691,M,678-445-9106,agradleyn@jugem.jp
25,Harwell,1617,M,864-147-6831,hstigello@tiny.cc
26,Meara,6388,F,715-918-8656,meversp@gizmodo.com
27,Betsey,8098,F,556-339-9354,bgorickq@studiopress.com
28,Maryanna,5441,F,793-854-2575,mgaizer@soundcloud.com
29,Esme,4547,M,916-867-7975,edouthwaites@cyberchimps.com
30,Dione,8430,F,526-898-8859,dburdesst@oakley.com
31,Darcee,2693,F,355-697-1848,dronanu@salon.com
32,Gregorius,5947,M,412-685-2380,gcartmerv@engadget.com
33,Cordelie,6998,F,471-181-8817,capfelmannw@ted.com
34,Kalil,1950,M,857-225-5457,kstarbeckx@answers.com
35,Ardelia,3427,F,143-771-8808,acrossery@mediafire.com
36,Killie,5959,M,439-117-2829,kjeanneauz@telegraph.co.uk
37,Dana,3644,M,954-547-4744,dkenner10@xing.com
38,Orran,5507,M,666-459-5810,opegrum11@army.mil
39,Rolland,8027,M,916-688-5181,rkitt12@springer.com
40,Lynea,8155,F,856-839-3275,lcornillot13@techcrunch.com
41,Rodolfo,6979,M,405-147-1217,rmarch14@ca.gov
42,Charis,7322,F,448-332-5709,cbreton15@fda.gov
43,Deena,5961,F,409-767-7526,dtutsell16@google.pl
44,Rustie,1638,M,244-732-8607,rdeverehunt17@slate.com
45,Gerry,4894,M,425-789-2460,gchatin18@quantcast.com
46,Velma,3234,F,206-356-2101,vseatter19@fotki.com
47,Vivian,2994,F,898-654-8691,vgoalby1a@cbsnews.com
48,Lian,8598,F,699-706-8749,lmcdonough1b@elegantthemes.com
49,Buddie,9801,M,545-637-2375,blindblad1c@yale.edu
50,Maurits,5556,M,201-346-8779,mlapham1d@joomla.org
51,See,8664,M,474-991-5526,sbente1e@dailymail.co.uk
52,Ric,5255,M,995-951-7119,rhaddinton1f@usgs.gov
53,Clay,9539,M,993-988-6581,cgawne1g@paginegialle.it
54,Mureil,1180,F,632-725-9104,mduchenne1h@tmall.com
55,Estell,4502,F,866-755-6535,edivis1i@pcworld.com
56,Gordon,1981,M,219-148-7032,gsor1j@ebay.co.uk
57,Agna,6862,F,419-459-1063,aczajkowski1k@pcworld.com
58,Goober,6073,M,222-676-3341,gmorling1l@cornell.edu
59,Claudette,3970,F,697-236-6541,cdavio1m@buzzfeed.com
60,Jemmie,3009,F,756-527-7715,jduxbarry1n@goo.ne.jp
61,Arty,1694,M,448-882-9865,amead1o@technorati.com
62,Tod,1083,M,179-348-6370,tmccosker1p@oaic.gov.au
63,Jakob,2023,M,657-439-3319,jleacock1q@oaic.gov.au
64,Kayle,6015,F,520-666-8765,kfairbeard1r@chicagotribune.com
65,Marybeth,5860,F,421-525-5012,mpitkeathly1s@zimbio.com
66,Elysha,1500,F,215-193-1011,eadamovitz1t@youtu.be
67,Alphard,2579,M,410-489-0749,aklehyn1u@psu.edu
68,Kylen,8442,F,535-403-1540,kkalberer1v@dagondesign.com
69,Raquel,9130,F,790-184-9146,rfihelly1w@nydailynews.com
70,Ellary,5781,M,935-687-1631,echampniss1x@ehow.com
71,Desmond,6180,M,360-498-1634,dstacey1y@jimdo.com
72,Rabbi,7454,M,890-613-0460,rpimerick1z@unicef.org
73,Shadow,3381,M,535-999-8902,sshill20@google.nl
74,Willetta,1683,F,912-337-8304,woscully21@google.com.hk
75,Natalya,8698,F,129-757-6443,nbenham22@goo.ne.jp
76,Yule,5135,M,605-669-1508,yarnald23@abc.net.au
77,Matthias,3704,M,644-900-9179,mdomotor24@ox.ac.uk
78,Kennan,5872,M,408-488-8366,kguppy25@ucoz.com
79,Terri-jo,4653,F,261-172-8257,tantonelli26@sitemeter.com
80,Taylor,4569,M,569-262-9635,tvidloc27@globo.com
81,Levi,2580,M,413-452-0389,lgrishankov28@theguardian.com
82,Juieta,5155,F,427-913-8648,jofarrell29@dedecms.com
83,Rochella,9264,F,793-703-2382,rillston2a@economist.com
84,Pall,5019,M,532-753-4188,pgreveson2b@surveymonkey.com
85,Tod,7743,M,510-856-8420,tionesco2c@statcounter.com
86,Barn,6466,M,764-426-3107,bkapiloff2d@pcworld.com
87,Ellis,8525,M,937-933-0369,eateridge2e@irs.gov
88,Gratia,4034,F,811-276-4395,gkingaby2f@blogs.com
89,Jerry,1688,M,338-626-5074,jfollen2g@ucoz.ru
90,Jakob,2078,M,857-120-7800,jwolland2h@simplemachines.org
91,Geordie,9579,M,291-704-7219,gduck2i@blogs.com
92,Odele,3403,F,189-444-0583,odunkerly2j@youtu.be
93,Evie,7385,F,525-553-4719,egalland2k@vimeo.com
94,Katee,3886,F,252-925-4703,kstuke2l@ehow.com
95,Callean,9760,M,515-342-0606,cbotcherby2m@webeden.co.uk
96,Jodie,6250,F,798-639-7554,jhartford2n@narod.ru
97,Jana,5055,F,595-705-6720,jbernardy2o@cpanel.net
98,Conni,8959,F,411-229-5418,cdenisovich2p@tamu.edu
99,Sharai,3751,F,408-633-3122,slucy2q@deviantart.com
100,Stinky,2625,M,902-449-3164,slembke2r@ehow.com
